Workbook

Sheet BASELINE_TI_LIGHT
A1: Resumo | B1: Description | C1: Perfil | D1: Tópico | E1: Subtópico | F1: Justificativa | G1: Auditoria - Descrição | H1: Auditoria - Script | I1: Correção - Descrição | J1: Remediação - Script | K1: Criticidade | L1: Impact
A2: Bloqueio cramfs | B2: Bloquear módulo cramfs persistentemente via modprobe.d e remover se carregado. | C2: Light | D2: 1 | E2: Kernel | F2: Reduz superfície de ataque removendo suporte a filesystem legado raramente necessário | G2: Verificar se módulo cramfs está bloqueado | H2: ( ! modinfo cramfs &>/dev/null || ( modprobe --showconfig 2>/dev/null | grep -Eq '^[[:space:]]*install[[:space:]]+cramfs[[:space:]]+/(bin|sbin)/(true|false)\b' && modprobe --showconfig 2>/dev/null | grep -Eq '^[[:space:]]*blacklist[[:space:]]+cramfs\b' && ! lsmod | awk '{print $1}' | grep -qx cramfs ) ) && echo "PASS" || echo "FAIL" | I2: Bloquear módulo via modprobe.d e remover se carregado | J2: Consultar automacao conforme versão do S.O. | K2: Alta | L2: Pode impedir montagem de filesystem legado ainda utilizado.
A3: Bloqueio squashfs | B3: Bloquear módulo squashfs persistentemente via modprobe.d e remover se carregado. | C3: Light | D3: 2 | E3: Kernel | F3: Reduz superfície de ataque associada a arquivos comprimidos montados indevidamente | G3: Verificar se módulo squashfs está bloqueado | H3: ( ! modinfo squashfs &>/dev/null || ( modprobe --showconfig 2>/dev/null | grep -Eq '^[[:space:]]*install[[:space:]]+squashfs[[:space:]]+/(bin|sbin)/(true|false)\b' && modprobe --showconfig 2>/dev/null | grep -Eq '^[[:space:]]*blacklist[[:space:]]+squashfs\b' && ! lsmod | awk '{print $1}' | grep -qx squashfs ) ) && echo "PASS" || echo "FAIL" | I3: Bloquear módulo via modprobe.d e remover se carregado | J3: Consultar automacao conforme versão do S.O. | K3: Alta | L3: Pode impedir montagem de imagens squashfs usadas por ferramentas ou appliances.
A4: Bloqueio udf | B4: Bloquear módulo udf persistentemente via modprobe.d e remover se carregado. | C4: Light | D4: 3 | E4: Kernel | F4: Evita uso de mídias ópticas como vetor de execução ou exfiltração de dados | G4: Verificar se módulo udf está bloqueado | H4: ( ! modinfo udf &>/dev/null || ( modprobe --showconfig 2>/dev/null | grep -Eq '^[[:space:]]*install[[:space:]]+udf[[:space:]]+/(bin|sbin)/(true|false)\b' && modprobe --showconfig 2>/dev/null | grep -Eq '^[[:space:]]*blacklist[[:space:]]+udf\b' && ! lsmod | awk '{print $1}' | grep -qx udf ) ) && echo "PASS" || echo "FAIL" | I4: Bloquear módulo via modprobe.d e remover se carregado | J4: Consultar automacao conforme versão do S.O. | K4: Média | L4: Impacto praticamente nulo em ambientes padrão.
A5: Bloqueio hfs | B5: Bloquear módulo hfs persistentemente via modprobe.d e remover se carregado. | C5: Light | D5: 4 | E5: Kernel | F5: Remove suporte a filesystem Apple antigo que não é necessário em servidores Linux | G5: Verificar se módulo hfs está bloqueado | H5: ( ! modinfo hfs &>/dev/null || ( modprobe --showconfig 2>/dev/null | grep -Eq '^[[:space:]]*install[[:space:]]+hfs[[:space:]]+/(bin|sbin)/(true|false)\b' && modprobe --showconfig 2>/dev/null | grep -Eq '^[[:space:]]*blacklist[[:space:]]+hfs\b' && ! lsmod | awk '{print $1}' | grep -qx hfs ) ) && echo "PASS" || echo "FAIL" | I5: Bloquear módulo via modprobe.d e remover se carregado | J5: Consultar automacao conforme versão do S.O. | K5: Alta | L5: Pode impedir leitura de mídias HFS utilizadas ocasionalmente.
A6: Bloqueio hfsplus | B6: Bloquear módulo hfsplus persistentemente via modprobe.d e remover se carregado. | C6: Light | D6: 5 | E6: Kernel | F6: Remove suporte a filesystem Apple moderno que não agrega em ambiente de servidor | G6: Verificar se módulo hfsplus está bloqueado | H6: ( ! modinfo hfsplus &>/dev/null || ( modprobe --showconfig 2>/dev/null | grep -Eq '^[[:space:]]*install[[:space:]]+hfsplus[[:space:]]+/(bin|sbin)/(true|false)\b' && modprobe --showconfig 2>/dev/null | grep -Eq '^[[:space:]]*blacklist[[:space:]]+hfsplus\b' && ! lsmod | awk '{print $1}' | grep -qx hfsplus ) ) && echo "PASS" || echo "FAIL" | I6: Bloquear módulo via modprobe.d e remover se carregado | J6: Consultar automacao conforme versão do S.O. | K6: Alta | L6: Pode impedir leitura de mídias HFS+ externas.
A7: Bloqueio jffs2 | B7: Bloquear módulo jffs2 persistentemente via modprobe.d e remover se carregado. | C7: Light | D7: 6 | E7: Kernel | F7: Elimina suporte a filesystem embarcado pouco usado e potencialmente mal auditado | G7: Verificar se módulo jffs2 está bloqueado | H7: ( ! modinfo jffs2 &>/dev/null || ( modprobe --showconfig 2>/dev/null | grep -Eq '^[[:space:]]*install[[:space:]]+jffs2[[:space:]]+/(bin|sbin)/(true|false)\b' && modprobe --showconfig 2>/dev/null | grep -Eq '^[[:space:]]*blacklist[[:space:]]+jffs2\b' && ! lsmod | awk '{print $1}' | grep -qx jffs2 ) ) && echo "PASS" || echo "FAIL" | I7: Bloquear módulo via modprobe.d e remover se carregado | J7: Consultar automacao conforme versão do S.O. | K7: Alta | L7: Pode impedir uso de filesystem embarcado específico.
A8: Bloqueio freevxfs | B8: Bloquear módulo freevxfs persistentemente via modprobe.d e remover se carregado. | C8: Light | D8: 7 | E8: Kernel | F8: Remove filesystem obsoleto pouco testado em cenários modernos de produção | G8: Verificar se módulo freevxfs está bloqueado | H8: ( ! modinfo freevxfs &>/dev/null || ( modprobe --showconfig 2>/dev/null | grep -Eq '^[[:space:]]*install[[:space:]]+freevxfs[[:space:]]+/(bin|sbin)/(true|false)\b' && modprobe --showconfig 2>/dev/null | grep -Eq '^[[:space:]]*blacklist[[:space:]]+freevxfs\b' && ! lsmod | awk '{print $1}' | grep -qx freevxfs ) ) && echo "PASS" || echo "FAIL" | I8: Bloquear módulo via modprobe.d e remover se carregado | J8: Consultar automacao conforme versão do S.O. | K8: Alta | L8: Pode impedir uso de filesystem legado específico.
A9: Bloqueio usb_storage | B9: Bloquear módulo usb_storage persistentemente. | C9: Light | D9: 9 | E9: Kernel | F9: Impede que dispositivos USB sejam usados para copiar ou trazer dados maliciosos | G9: Verificar se usb_storage está bloqueado | H9: ( ! modinfo usb_storage &>/dev/null || ( modprobe --showconfig 2>/dev/null | grep -Eq '^[[:space:]]*install[[:space:]]+usb_storage[[:space:]]+/(bin|sbin)/(true|false)\b' && modprobe --showconfig 2>/dev/null | grep -Eq '^[[:space:]]*blacklist[[:space:]]+usb_storage\b' && ! lsmod | awk '{print $1}' | grep -qx usb_storage ) ) && echo "PASS" || echo "FAIL" | I9: Bloquear módulo via modprobe.d | J9: Consultar automacao conforme versão do S.O. | K9: Alta | L9: Pode impedir uso de dispositivos USB de armazenamento.
A10: SUID dump off | B10: Configurar fs.suid_dumpable=0 persistentemente. | C10: Light | D10: 15 | E10: Kernel | F10: Evita que processos SUID gerem dumps com conteúdo sensível gravado em disco | G10: Verificar valor de fs.suid_dumpable | H10: ( sysctl -n fs.suid_dumpable 2>/dev/null | grep -qx 0 && grep -REq '^\s*fs\.suid_dumpable\s*=\s*0\b' /etc/sysctl.conf /etc/sysctl.d 2>/dev/null ) && echo "PASS" || echo "FAIL" | I10: Configurar sysctl persistente | J10: Consultar automacao conforme versão do S.O. | K10: Alta | L10: Pode impedir análise de falhas de aplicações SUID.
A11: ASLR completo | B11: Configurar ASLR completo via sysctl persistente. | C11: Light | D11: 18 | E11: Kernel | F11: Dificulta exploração de vulnerabilidades que dependem de previsibilidade de endereços | G11: Verificar randomize_va_space | H11: ( sysctl -n kernel.randomize_va_space 2>/dev/null | grep -qx 2 && grep -REq '^\s*kernel\.randomize_va_space\s*=\s*2\b' /etc/sysctl.conf /etc/sysctl.d 2>/dev/null ) && echo "PASS" || echo "FAIL" | I11: Configurar sysctl persistente | J11: Consultar automacao conforme versão do S.O. | K11: Média | L11: Pode afetar ambientes que exigem virtualização nested.
A12: perf_event restrito | B12: Configurar perf_event_paranoid restritivo via sysctl persistente. | C12: Light | D12: 20 | E12: Kernel | F12: Restringe uso abusivo de contadores de performance para inferir dados sensíveis | G12: Verificar perf_event_paranoid | H12: ( sysctl -n kernel.perf_event_paranoid 2>/dev/null | grep -Eq '^[23]$' && grep -REq '^\s*kernel\.perf_event_paranoid\s*=\s*[23]\b' /etc/sysctl.conf /etc/sysctl.d 2>/dev/null ) && echo "PASS" || echo "FAIL" | I12: Configurar sysctl persistente | J12: Consultar automacao conforme versão do S.O. | K12: Média | L12: Pode impactar software muito antigo com comportamento não padrão.
A13: dmesg restrito | B13: Configurar dmesg_restrict=1 via sysctl persistente. | C13: Light | D13: 21 | E13: Kernel | F13: Impede que usuários não privilegiados acessem informações internas do kernel | G13: Verificar dmesg_restrict | H13: ( sysctl -n kernel.dmesg_restrict 2>/dev/null | grep -qx 1 && grep -REq '^\s*kernel\.dmesg_restrict\s*=\s*1\b' /etc/sysctl.conf /etc/sysctl.d 2>/dev/null ) && echo "PASS" || echo "FAIL" | I13: Configurar sysctl persistente | J13: Consultar automacao conforme versão do S.O. | K13: Alta | L13: Pode afetar desempenho em hardware específico.
... A144: Arquivos trust legado | B144: Remover ou proteger arquivos forward, netrc e rhosts conforme política. | C144: Light | D144: 203 | E144: Home | F144: Elimina mecanismos antigos baseados em confiança implícita entre hosts e usuários | G144: Verificar presença desses arquivos | H144: ( find /home -maxdepth 2 -type f \( -name ".forward" -o -name ".netrc" -o -name ".rhosts" \) 2>/dev/null | grep -q . && echo "FAIL" || echo "PASS" ) | I144: Remover ou proteger conforme política | J144: Consultar automacao conforme versão do S.O. | K144: Alta | L144: Pode remover mecanismo legado ainda utilizado.

Sheet BASELINE-HITSS_FULL
A1: Resumo | B1: Description | C1: Perfil | D1: Tópico | E1: Subtópico | F1: Justificativa | G1: Auditoria - Descrição | H1: Auditoria - Script | I1: Correção - Descrição | J1: Remediação - Script | K1: Criticidade | L1: Impact | M1: Coluna1 | N1: Perfil
A2: Desabilitar modulo cramfs | B2: Desabilitar o modulo cramfs e impedir seu carregamento automatico | C2: Light | D2: 1 | E2: Kernel Modules | F2: Modulo de filesystem obsoleto aumenta superficie de ataque sem beneficio | G2: Confere se cramfs nao esta carregado e se esta bloqueado em modprobe | H2: (modinfo cramfs &>/dev/null && modprobe --showconfig | grep -Pq '\b(install|blacklist)\h+cramfs\b' && ! lsmod | grep -q cramfs) || (! modinfo cramfs &>/dev/null) | I2: Aplicar blacklist e regra install neutra para cramfs removendo qualquer uso | J2: Consultar automacao conforme versão do S.O. | K2: Alta | L2: ha risco via filesystem legado e ajuste incorreto afeta apenas ambientes que ainda usam cramfs | M2: =ISNA(VLOOKUP(D2, BASELINE_TI_LIGHT!D:D, 1, FALSE)) -> FALSE | N2: Light
A3: Desabilitar modulo squashfs | B3: Desabilitar o modulo squashfs e impedir uso indevido | C3: Light | D3: 2 | E3: Kernel Modules | F3: Reduce risco de exploracao por imagens squashfs nao controladas | G3: Verifica se squashfs nao esta carregado e se ha regra de bloqueio em modprobe | H3: (modinfo squashfs &>/dev/null && modprobe --showconfig | grep -Pq '\b(install|blacklist)\h+squashfs\b' && ! lsmod | grep -q squashfs) || (! modinfo squashfs &>/dev/null) | I3: Adicionar entradas de blacklist e install neutro para squashfs | J3: Consultar automacao conforme versão do S.O. | K3: Alta | L3: imagens squashfs podem ampliar a superficie de ataque e remocao equivocada so impacta sistemas que dependem desse formato | M3: =ISNA(VLOOKUP(D3, BASELINE_TI_LIGHT!D:D, 1, FALSE)) -> FALSE | N3: Light
A4: Desabilitar modulo udf | B4: Desabilitar o modulo udf | C4: Light | D4: 3 | E4: Kernel Modules | F4: Suporte a midias UDF geralmente nao e necessario em servidores | G4: Checa se udf nao esta carregado e se esta neutralizado via modprobe | H4: (modinfo udf &>/dev/null && modprobe --showconfig | grep -Pq '\b(install|blacklist)\h+udf\b' && ! lsmod | grep -q udf) || (! modinfo udf &>/dev/null) | I4: Configurar blacklist para udf e evitar uso de midias UDF | J4: Consultar automacao conforme versão do S.O. | K4: Média | L4: midias UDF podem ser usadas como vetor e desativacao incorreta so afeta leitura dessas midias | M4: =ISNA(VLOOKUP(D4, BASELINE_TI_LIGHT!D:D, 1, FALSE)) -> FALSE | N4: Light
A5: Desabilitar modulo hfs | B5: Desabilitar o modulo hfs | C5: Light | D5: 4 | E5: Kernel Modules | F5: Filesystem antigo pouco usado mantem codigo extra no kernel | G5: Valida que hfs nao esta carregado e que ha regra de bloqueio | H5: (modinfo hfs &>/dev/null && modprobe --showconfig | grep -Pq '\b(install|blacklist)\h+hfs\b' && ! lsmod | grep -q hfs) || (! modinfo hfs &>/dev/null) | I5: Aplicar blacklist e install neutro para hfs | J5: Consultar automacao conforme versão do S.O. | K5: Alta | L5: ha aumento de superficie de ataque e impacto de remocao atinge apenas volumes HFS legados | M5: =ISNA(VLOOKUP(D5, BASELINE_TI_LIGHT!D:D, 1, FALSE)) -> FALSE | N5: Light
A6: Desabilitar modulo hfsplus | B6: Desabilitar o modulo hfsplus | C6: Light | D6: 5 | E6: Kernel Modules | F6: Evita suporte desnecessario a filesystem Apple em servidores | G6: Confere se hfsplus nao esta carregado e se esta proibido em modprobe | H6: (modinfo hfsplus &>/dev/null && modprobe --showconfig | grep -Pq '\b(install|blacklist)\h+hfsplus\b' && ! lsmod | grep -q hfsplus) || (! modinfo hfsplus &>/dev/null) | I6: Adicionar regras de blacklist e install neutro para hfsplus | J6: Consultar automacao conforme versão do S.O. | K6: Alta | L6: ha risco residual em parsing de midias HFS plus e desativacao impacta apenas ambientes que montam essas midias | M6: =ISNA(VLOOKUP(D6, BASELINE_TI_LIGHT!D:D, 1, FALSE)) -> FALSE | N6: Light
A7: Desabilitar modulo jffs2 | B7: Desabilitar o modulo jffs2 | C7: Light | D7: 6 | E7: Kernel Modules | F7: Modulo voltado a flash embedido raramente usado em servidores gerais | G7: Checa se jffs2 nao esta carregado e se ha bloqueio em modprobe | H7: (modinfo jffs2 &>/dev/null && modprobe --showconfig | grep -Pq '\b(install|blacklist)\h+jffs2\b' && ! lsmod | grep -q jffs2) || (! modinfo jffs2 &>/dev/null) | I7: Habilitar blacklist e install neutro para jffs2 | J7: Consultar automacao conforme versão do S.O. | K7: Alta | L7: ha codigo extra exposto e remocao incorreta afeta apenas equipamentos que precisem de jffs2 | M7: =ISNA(VLOOKUP(D7, BASELINE_TI_LIGHT!D:D, 1, FALSE)) -> FALSE | N7: Light
A8: Desabilitar modulo freevxfs | B8: Desabilitar o modulo freevxfs | C8: Light | D8: 7 | E8: Kernel Modules | F8: Filesystem legado pouco utilizado pode ser ponto de risco | G8: Valida ausencia de freevxfs carregado e presenca de configuracao de bloqueio | H8: (modinfo freevxfs &>/dev/null && modprobe --showconfig | grep -Pq '\b(install|blacklist)\h+freevxfs\b' && ! lsmod | grep -q freevxfs) || (! modinfo freevxfs &>/dev/null) | I8: Configurar blacklist e install neutro para freevxfs | J8: Consultar automacao conforme versão do S.O. | K8: Alta | L8: mantem modulo desnecessario e erro de remocao so afeta sistemas que ainda o usem | M8: =ISNA(VLOOKUP(D8, BASELINE_TI_LIGHT!D:D, 1, FALSE)) -> FALSE | N8: Light
A9: Desabilitar overlayfs quando nao for requisito | B9: Desabilitar o modulo overlayfs | C9: Full | D9: 8 | E9: Kernel Modules | F9: Overlayfs pode ser abusado para esconder camadas de arquivos | G9: Checa se overlay nao esta carregado e se ha regra de bloqueio | H9: (modinfo overlay &>/dev/null && modprobe --showconfig | grep -Pq '\b(install|blacklist)\h+overlay\b' && ! lsmod | grep -q overlay) || (! modinfo overlay &>/dev/null) | I9: Aplicar blacklist para overlay em hosts que nao usam containers ou overlays | J9: Consultar automacao conforme versão do S.O. | K9: Média | L9: ha risco de uso malicioso de overlay e desativar sem analise pode quebrar stacks que dependem dele | M9: =ISNA(VLOOKUP(D9, BASELINE_TI_LIGHT!D:D, 1, FALSE)) -> TRUE | N9: Full
A10: Desabilitar modulo usb storage para bloquear discos USB | B10: Desabilitar o modulo usb storage | C10: Light | D10: 9 | E10: Kernel Modules | F10: Evita exfiltracao e malware via armazenamento removivel | G10: Verifica se usb storage nao esta carregado e se esta neutralizado em modprobe | H10: (modinfo usb-storage &>/dev/null && modprobe --showconfig | grep -Pq '\b(install|blacklist)\h+usb_storage\b' && ! lsmod | grep -q usb_storage) || (! modinfo usb-storage &>/dev/null) | I10: Criar blacklist e install neutro para usb storage mantendo excecoes controladas | J10: Consultar automacao conforme versão do S.O. | K10: Alta | L10: dispositivos USB podem ser usados para fuga de dados e bloqueio agressivo pode impedir uso legitimo em alguns hosts | M10: =ISNA(VLOOKUP(D10, BASELINE_TI_LIGHT!D:D, 1, FALSE)) -> FALSE | N10: Light
A11: Desabilitar modulo DCCP | B11: Desabilitar o modulo dccp | C11: Light | D11: 10 | E11: Kernel Modules | F11: Protocolo pouco usado adiciona codigo de rede desnecessario | G11: Confere se dccp nao esta carregado e se existe regra de bloqueio | H11: (modinfo dccp &>/dev/null && modprobe --showconfig | grep -Pq '\b(install|blacklist)\h+dccp\b' && ! lsmod | grep -q dccp) || (! modinfo dccp &>/dev/null) | I11: Adicionar entradas de blacklist e install neutro para dccp | J11: Consultar automacao conforme versão do S.O. | K11: Alta | L11: ha risco residual em DCCP e remocao dificilmente gera impacto pois quase ninguem usa o protocolo | M11: =ISNA(VLOOKUP(D11, BASELINE_TI_LIGHT!D:D, 1, FALSE)) -> TRUE | N11: Full
A12: Desabilitar modulo SCTP quando nao requerido | B12: Desabilitar o modulo sctp | C12: Light | D12: 11 | E12: Kernel Modules | F12: Protocolo complexo aumenta superficie de ataque em ambientes que nao o usam | G12: Checa se sctp nao esta carregado e se esta bloqueado em modprobe | H12: (modinfo sctp &>/dev/null && modprobe --showconfig | grep -Pq '\b(install|blacklist)\h+sctp\b' && ! lsmod | grep -q sctp) || (! modinfo sctp &>/dev/null) | I12: Configurar blacklist para sctp exceto onde for requisito de aplicacao | J12: Consultar automacao conforme versão do S.O. | K12: Alta | L12: ha risco em stacks SCTP e desativar sem estudo pode impactar cargas de telecom que dependem dele | M12: =ISNA(VLOOKUP(D12, BASELINE_TI_LIGHT!D:D, 1, FALSE)) -> TRUE | N12: Full
A13: Desabilitar modulo RDS | B13: Desabilitar o modulo rds | C13: Light | D13: 12 | E13: Kernel Modules | F13: Remove suporte a transporte RDS raramente necessario | G13: Valida que rds nao esta ativo e esta proibido em modprobe | H13: (modinfo rds &>/dev/null && modprobe --showconfig | grep -Pq '\b(install|blacklist)\h+rds\b' && ! lsmod | grep -q rds) || (! modinfo rds &>/dev/null) | I13: Aplicar blacklist e install neutro para rds | J13: Consultar automacao conforme versão do S.O. | K13: Alta | L13: ha vetor adicional em RDS e desativacao incorreta afeta apenas ambientes que o utilizem | M13: =ISNA(VLOOKUP(D13, BASELINE_TI_LIGHT!D:D, 1, FALSE)) -> TRUE | N13: Full
... A204: Ausencia de forward netrc rhosts | B204: Evitar arquivos de trusted hosts em homes | C204: Full | D204: 203 | E204: Sistema e Contas | F204: Arquivos forward netrc e rhosts podem introduzir riscos de autenticacao e redirecionamento | G204: Checa existencia de arquivos forward netrc ou rhosts em diretorios home | H204: ( awk -F: '$3>=1000 && $1!="nfsnobody"{print $6}' /etc/passwd | while read h; do [ -e "$h/.forward" ] || [ -e "$h/.netrc" ] || [ -e "$h/.rhosts" ] && exit 1; done ) | I204: Remover esses arquivos ou bloquear seu uso conforme politica | J204: Consultar automacao conforme versão do S.O. | K204: Alta | L204: usuarios podem configurar acessos nao controlados e limpeza precisa ser comunicada para evitar surpresa | M204: =ISNA(VLOOKUP(D204, BASELINE_TI_LIGHT!D:D, 1, FALSE)) -> FALSE | N204: Light
